
set foreign_key_checks = 0;


#
# TABLE STRUCTURE FOR: awards
#


INSERT INTO `awards` (`id`, `name`, `country`) VALUES ('1', 'Wiegand-Beier', 'Yemen');
INSERT INTO `awards` (`id`, `name`, `country`) VALUES ('2', 'Champlin, Jones and Klein', 'Faroe Islands');
INSERT INTO `awards` (`id`, `name`, `country`) VALUES ('3', 'Moore, Ryan and Schowalter', 'Malta');
INSERT INTO `awards` (`id`, `name`, `country`) VALUES ('4', 'Kozey LLC', 'Albania');
INSERT INTO `awards` (`id`, `name`, `country`) VALUES ('5', 'Effertz, Baumbach and Stanton', 'Montserrat');
INSERT INTO `awards` (`id`, `name`, `country`) VALUES ('6', 'Walter, Friesen and Kulas', 'Guadeloupe');
INSERT INTO `awards` (`id`, `name`, `country`) VALUES ('7', 'Herzog, Hoeger and Mante', 'Nauru');
INSERT INTO `awards` (`id`, `name`, `country`) VALUES ('8', 'Frami-Kirlin', 'San Marino');
INSERT INTO `awards` (`id`, `name`, `country`) VALUES ('9', 'Quigley Inc', 'Western Sahara');
INSERT INTO `awards` (`id`, `name`, `country`) VALUES ('10', 'Keeling-Kunze', 'Yemen');
INSERT INTO `awards` (`id`, `name`, `country`) VALUES ('11', 'Deckow, Collier and Heathcote', 'Saudi Arabia');
INSERT INTO `awards` (`id`, `name`, `country`) VALUES ('12', 'Raynor Group', 'Colombia');
INSERT INTO `awards` (`id`, `name`, `country`) VALUES ('13', 'Hartmann, Jakubowski and Bradtke', 'Armenia');
INSERT INTO `awards` (`id`, `name`, `country`) VALUES ('14', 'Runolfsdottir-Osinski', 'Saint Lucia');
INSERT INTO `awards` (`id`, `name`, `country`) VALUES ('15', 'Wisoky, Schneider and Connelly', 'Chile');
INSERT INTO `awards` (`id`, `name`, `country`) VALUES ('16', 'Collins Ltd', 'Suriname');
INSERT INTO `awards` (`id`, `name`, `country`) VALUES ('17', 'Osinski-Nienow', 'Gambia');
INSERT INTO `awards` (`id`, `name`, `country`) VALUES ('18', 'Dicki-Frami', 'Bahamas');
INSERT INTO `awards` (`id`, `name`, `country`) VALUES ('19', 'Kunze, Howe and Schultz', 'Bahrain');
INSERT INTO `awards` (`id`, `name`, `country`) VALUES ('20', 'Tromp, Greenfelder and Jones', 'Liechtenstein');
INSERT INTO `awards` (`id`, `name`, `country`) VALUES ('21', 'Harber PLC', 'San Marino');
INSERT INTO `awards` (`id`, `name`, `country`) VALUES ('22', 'Auer Inc', 'Myanmar');
INSERT INTO `awards` (`id`, `name`, `country`) VALUES ('23', 'Klocko Inc', 'Chad');
INSERT INTO `awards` (`id`, `name`, `country`) VALUES ('24', 'Corwin, Langosh and Spinka', 'Costa Rica');
INSERT INTO `awards` (`id`, `name`, `country`) VALUES ('25', 'Weber-Orn', 'Canada');
INSERT INTO `awards` (`id`, `name`, `country`) VALUES ('26', 'Konopelski-Wyman', 'Kyrgyz Republic');
INSERT INTO `awards` (`id`, `name`, `country`) VALUES ('27', 'Rutherford, Strosin and Kohler', 'Pitcairn Islands');
INSERT INTO `awards` (`id`, `name`, `country`) VALUES ('28', 'Daugherty LLC', 'Niue');
INSERT INTO `awards` (`id`, `name`, `country`) VALUES ('29', 'Okuneva and Sons', 'Greenland');
INSERT INTO `awards` (`id`, `name`, `country`) VALUES ('30', 'Stracke PLC', 'Sri Lanka');
INSERT INTO `awards` (`id`, `name`, `country`) VALUES ('31', 'Muller Inc', 'Bolivia');
INSERT INTO `awards` (`id`, `name`, `country`) VALUES ('32', 'Beatty-Runolfsdottir', 'Central African Repu');
INSERT INTO `awards` (`id`, `name`, `country`) VALUES ('33', 'Cummerata, Rippin and Shanahan', 'Lesotho');
INSERT INTO `awards` (`id`, `name`, `country`) VALUES ('34', 'Kassulke-Medhurst', 'Mauritania');
INSERT INTO `awards` (`id`, `name`, `country`) VALUES ('35', 'Metz-Pfannerstill', 'Russian Federation');
INSERT INTO `awards` (`id`, `name`, `country`) VALUES ('36', 'Macejkovic, Kohler and Rolfson', 'Costa Rica');
INSERT INTO `awards` (`id`, `name`, `country`) VALUES ('37', 'Jerde-Cummerata', 'Poland');
INSERT INTO `awards` (`id`, `name`, `country`) VALUES ('38', 'Mraz, Hettinger and Lebsack', 'Slovenia');
INSERT INTO `awards` (`id`, `name`, `country`) VALUES ('39', 'Denesik-Kautzer', 'Israel');
INSERT INTO `awards` (`id`, `name`, `country`) VALUES ('40', 'Moore Inc', 'Malta');
INSERT INTO `awards` (`id`, `name`, `country`) VALUES ('41', 'Green-D\'Amore', 'Colombia');
INSERT INTO `awards` (`id`, `name`, `country`) VALUES ('42', 'Larson Ltd', 'Macedonia');
INSERT INTO `awards` (`id`, `name`, `country`) VALUES ('43', 'Conn-Labadie', 'Uruguay');
INSERT INTO `awards` (`id`, `name`, `country`) VALUES ('44', 'Waters-Effertz', 'Trinidad and Tobago');
INSERT INTO `awards` (`id`, `name`, `country`) VALUES ('45', 'Hegmann, Lind and Huels', 'Algeria');
INSERT INTO `awards` (`id`, `name`, `country`) VALUES ('46', 'Wiza-Price', 'Reunion');
INSERT INTO `awards` (`id`, `name`, `country`) VALUES ('47', 'O\'Keefe PLC', 'Papua New Guinea');
INSERT INTO `awards` (`id`, `name`, `country`) VALUES ('48', 'Rosenbaum LLC', 'Zimbabwe');
INSERT INTO `awards` (`id`, `name`, `country`) VALUES ('49', 'Lang-Shields', 'Solomon Islands');
INSERT INTO `awards` (`id`, `name`, `country`) VALUES ('50', 'O\'Connell, Hickle and Quigley', 'Libyan Arab Jamahiri');
INSERT INTO `awards` (`id`, `name`, `country`) VALUES ('51', 'Emmerich, Ruecker and Medhurst', 'Barbados');
INSERT INTO `awards` (`id`, `name`, `country`) VALUES ('52', 'Kris-Prosacco', 'Burkina Faso');
INSERT INTO `awards` (`id`, `name`, `country`) VALUES ('53', 'Lueilwitz, Graham and Huels', 'Burundi');
INSERT INTO `awards` (`id`, `name`, `country`) VALUES ('54', 'Kilback, Kuhlman and Dooley', 'Turkey');
INSERT INTO `awards` (`id`, `name`, `country`) VALUES ('55', 'Glover, Dietrich and Buckridge', 'Bolivia');
INSERT INTO `awards` (`id`, `name`, `country`) VALUES ('56', 'Bergstrom Inc', 'Comoros');
INSERT INTO `awards` (`id`, `name`, `country`) VALUES ('57', 'Weimann, Quitzon and Farrell', 'Bolivia');
INSERT INTO `awards` (`id`, `name`, `country`) VALUES ('58', 'Hessel Inc', 'Azerbaijan');
INSERT INTO `awards` (`id`, `name`, `country`) VALUES ('59', 'Hilpert-Hyatt', 'Gambia');
INSERT INTO `awards` (`id`, `name`, `country`) VALUES ('60', 'O\'Connell-Huels', 'Sri Lanka');
INSERT INTO `awards` (`id`, `name`, `country`) VALUES ('61', 'Greenholt and Sons', 'Gabon');
INSERT INTO `awards` (`id`, `name`, `country`) VALUES ('62', 'Weber Group', 'Aruba');
INSERT INTO `awards` (`id`, `name`, `country`) VALUES ('63', 'Brekke, McGlynn and Gleason', 'Guam');
INSERT INTO `awards` (`id`, `name`, `country`) VALUES ('64', 'Ritchie, Ruecker and Wintheiser', 'Mozambique');
INSERT INTO `awards` (`id`, `name`, `country`) VALUES ('65', 'Stracke-Ratke', 'Guatemala');
INSERT INTO `awards` (`id`, `name`, `country`) VALUES ('66', 'Wintheiser-Hudson', 'United States Virgin');
INSERT INTO `awards` (`id`, `name`, `country`) VALUES ('67', 'Marks, Leffler and Armstrong', 'Moldova');
INSERT INTO `awards` (`id`, `name`, `country`) VALUES ('68', 'Stoltenberg-Pouros', 'Cuba');
INSERT INTO `awards` (`id`, `name`, `country`) VALUES ('69', 'O\'Hara, Jakubowski and Boyer', 'Chad');
INSERT INTO `awards` (`id`, `name`, `country`) VALUES ('70', 'Mertz-Cruickshank', 'Sudan');
INSERT INTO `awards` (`id`, `name`, `country`) VALUES ('71', 'Koepp, Cruickshank and Windler', 'Tanzania');
INSERT INTO `awards` (`id`, `name`, `country`) VALUES ('72', 'Casper, Jacobi and Herzog', 'Bahrain');
INSERT INTO `awards` (`id`, `name`, `country`) VALUES ('73', 'Wuckert-Kohler', 'Estonia');
INSERT INTO `awards` (`id`, `name`, `country`) VALUES ('74', 'Howell PLC', 'Portugal');
INSERT INTO `awards` (`id`, `name`, `country`) VALUES ('75', 'Nikolaus-Lynch', 'Cameroon');
INSERT INTO `awards` (`id`, `name`, `country`) VALUES ('76', 'Bergstrom-Beer', 'Australia');
INSERT INTO `awards` (`id`, `name`, `country`) VALUES ('77', 'Heathcote, Cronin and Stehr', 'Kenya');
INSERT INTO `awards` (`id`, `name`, `country`) VALUES ('78', 'Swaniawski, Bednar and Thompson', 'Syrian Arab Republic');
INSERT INTO `awards` (`id`, `name`, `country`) VALUES ('79', 'Gutkowski, Sporer and Bernhard', 'Puerto Rico');
INSERT INTO `awards` (`id`, `name`, `country`) VALUES ('80', 'Wintheiser, Deckow and Bartoletti', 'Zimbabwe');
INSERT INTO `awards` (`id`, `name`, `country`) VALUES ('81', 'Schoen Inc', 'Georgia');
INSERT INTO `awards` (`id`, `name`, `country`) VALUES ('82', 'Feest Inc', 'India');
INSERT INTO `awards` (`id`, `name`, `country`) VALUES ('83', 'Dietrich, Macejkovic and Bode', 'Tokelau');
INSERT INTO `awards` (`id`, `name`, `country`) VALUES ('84', 'Lakin, Kuvalis and Sporer', 'Central African Repu');
INSERT INTO `awards` (`id`, `name`, `country`) VALUES ('85', 'Toy PLC', 'Macao');
INSERT INTO `awards` (`id`, `name`, `country`) VALUES ('86', 'Bogan, Grady and Erdman', 'Sierra Leone');
INSERT INTO `awards` (`id`, `name`, `country`) VALUES ('87', 'Douglas-Price', 'Saint Barthelemy');
INSERT INTO `awards` (`id`, `name`, `country`) VALUES ('88', 'Bartoletti Ltd', 'French Southern Terr');
INSERT INTO `awards` (`id`, `name`, `country`) VALUES ('89', 'Fadel-Marquardt', 'Namibia');
INSERT INTO `awards` (`id`, `name`, `country`) VALUES ('90', 'Balistreri-Monahan', 'Haiti');
INSERT INTO `awards` (`id`, `name`, `country`) VALUES ('91', 'Kuvalis-Morissette', 'Seychelles');
INSERT INTO `awards` (`id`, `name`, `country`) VALUES ('92', 'Effertz-Schiller', 'Guinea-Bissau');
INSERT INTO `awards` (`id`, `name`, `country`) VALUES ('93', 'Williamson, Harvey and Lang', 'Saint Vincent and th');
INSERT INTO `awards` (`id`, `name`, `country`) VALUES ('94', 'Jacobson and Sons', 'Brunei Darussalam');
INSERT INTO `awards` (`id`, `name`, `country`) VALUES ('95', 'O\'Hara, Johnson and Kassulke', 'Fiji');
INSERT INTO `awards` (`id`, `name`, `country`) VALUES ('96', 'Gutmann Inc', 'Samoa');
INSERT INTO `awards` (`id`, `name`, `country`) VALUES ('97', 'O\'Hara, Jast and Durgan', 'Chile');
INSERT INTO `awards` (`id`, `name`, `country`) VALUES ('98', 'Ratke, Kessler and Pollich', 'Trinidad and Tobago');
INSERT INTO `awards` (`id`, `name`, `country`) VALUES ('99', 'Jacobi LLC', 'Latvia');
INSERT INTO `awards` (`id`, `name`, `country`) VALUES ('100', 'Ruecker, Schiller and Hintz', 'Cocos (Keeling) Isla');


#
# TABLE STRUCTURE FOR: discounts
#



INSERT INTO `discounts` (`id`, `on_what_media_types_id`, `percent_of_discount`, `starts_at`, `ends_at`) VALUES ('101', '19', 57, '2020-09-11 15:22:19', '2008-01-25 14:41:47');
INSERT INTO `discounts` (`id`, `on_what_media_types_id`, `percent_of_discount`, `starts_at`, `ends_at`) VALUES ('102', '20', 78, '2009-06-26 01:39:24', '1998-11-23 07:17:06');
INSERT INTO `discounts` (`id`, `on_what_media_types_id`, `percent_of_discount`, `starts_at`, `ends_at`) VALUES ('103', '21', 16, '2018-06-13 06:21:00', '2001-12-21 03:09:26');
INSERT INTO `discounts` (`id`, `on_what_media_types_id`, `percent_of_discount`, `starts_at`, `ends_at`) VALUES ('104', '23', 50, '2017-06-19 15:22:55', '1993-03-09 08:03:12');
INSERT INTO `discounts` (`id`, `on_what_media_types_id`, `percent_of_discount`, `starts_at`, `ends_at`) VALUES ('105', '25', 31, '2020-03-31 01:50:35', '2007-03-05 13:17:02');
INSERT INTO `discounts` (`id`, `on_what_media_types_id`, `percent_of_discount`, `starts_at`, `ends_at`) VALUES ('106', '26', 4, '2006-09-15 14:07:45', '2014-05-18 05:44:54');
INSERT INTO `discounts` (`id`, `on_what_media_types_id`, `percent_of_discount`, `starts_at`, `ends_at`) VALUES ('107', '30', 15, '2005-04-05 10:23:28', '2012-08-15 13:03:36');
INSERT INTO `discounts` (`id`, `on_what_media_types_id`, `percent_of_discount`, `starts_at`, `ends_at`) VALUES ('108', '34', 12, '1980-05-20 22:34:54', '1990-01-03 19:13:53');


#
# TABLE STRUCTURE FOR: media
#



INSERT INTO `media` (`id`, `media_types_id`, `name`, `age_restriction`, `genre`, `time_length`, `price`, `year_of_release`) VALUES ('201', '19', 'Kenna Inlet', '18+', 'TX', 76611, '552806', '2008-02-13');
INSERT INTO `media` (`id`, `media_types_id`, `name`, `age_restriction`, `genre`, `time_length`, `price`, `year_of_release`) VALUES ('202', '20', 'Retta Field', '6+', 'IN', 441456, '3879516', '2020-06-21');
INSERT INTO `media` (`id`, `media_types_id`, `name`, `age_restriction`, `genre`, `time_length`, `price`, `year_of_release`) VALUES ('203', '21', 'Alaina Causeway', '0+', 'MN', 2195, '36433', '1989-02-15');
INSERT INTO `media` (`id`, `media_types_id`, `name`, `age_restriction`, `genre`, `time_length`, `price`, `year_of_release`) VALUES ('204', '23', 'Chandler Mews', '12+', 'GA', 7, '32', '1984-04-03');
INSERT INTO `media` (`id`, `media_types_id`, `name`, `age_restriction`, `genre`, `time_length`, `price`, `year_of_release`) VALUES ('205', '25', 'Johnston Lane', '6+', 'MT', 96, '624881875', '1985-03-27');
INSERT INTO `media` (`id`, `media_types_id`, `name`, `age_restriction`, `genre`, `time_length`, `price`, `year_of_release`) VALUES ('206', '26', 'Freddie Path', '16+', 'NV', 0, '0', '1980-03-22');
INSERT INTO `media` (`id`, `media_types_id`, `name`, `age_restriction`, `genre`, `time_length`, `price`, `year_of_release`) VALUES ('207', '30', 'Hayden Springs', '12+', 'HI', 36656540, '4352444', '2006-11-10');
INSERT INTO `media` (`id`, `media_types_id`, `name`, `age_restriction`, `genre`, `time_length`, `price`, `year_of_release`) VALUES ('208', '34', 'Jacobson Throughway', '6+', 'MT', 38, '363319', '1975-10-17');


#
# TABLE STRUCTURE FOR: media_types
#

INSERT INTO `media_types` (`id`, `types`, `is_for_free`) VALUES ('25', 'Фильмы', 0);
INSERT INTO `media_types` (`id`, `types`, `is_for_free`) VALUES ('30', 'Фильмы', 1);
INSERT INTO `media_types` (`id`, `types`, `is_for_free`) VALUES ('34', 'Сериалы', 0);
INSERT INTO `media_types` (`id`, `types`, `is_for_free`) VALUES ('23', 'Сериалы', 1);
INSERT INTO `media_types` (`id`, `types`, `is_for_free`) VALUES ('21', 'Аниме', 0);
INSERT INTO `media_types` (`id`, `types`, `is_for_free`) VALUES ('26', 'Аниме', 1);
INSERT INTO `media_types` (`id`, `types`, `is_for_free`) VALUES ('19', 'Мультфильмы', 0);
INSERT INTO `media_types` (`id`, `types`, `is_for_free`) VALUES ('20', 'Мультфильмы', 1);


#
# TABLE STRUCTURE FOR: media_with_awards
#


INSERT INTO `media_with_awards` (`id`, `media_id`, `award_id`) VALUES ('101', '201', '1');
INSERT INTO `media_with_awards` (`id`, `media_id`, `award_id`) VALUES ('102', '202', '2');
INSERT INTO `media_with_awards` (`id`, `media_id`, `award_id`) VALUES ('103', '203', '3');
INSERT INTO `media_with_awards` (`id`, `media_id`, `award_id`) VALUES ('104', '204', '4');
INSERT INTO `media_with_awards` (`id`, `media_id`, `award_id`) VALUES ('105', '205', '5');
INSERT INTO `media_with_awards` (`id`, `media_id`, `award_id`) VALUES ('106', '206', '6');
INSERT INTO `media_with_awards` (`id`, `media_id`, `award_id`) VALUES ('107', '207', '7');
INSERT INTO `media_with_awards` (`id`, `media_id`, `award_id`) VALUES ('108', '208', '8');


#
# TABLE STRUCTURE FOR: news
#

DROP TABLE IF EXISTS `news`;

CREATE TABLE `news` (
  `id` bigint(20) unsigned NOT NULL AUTO_INCREMENT,
  `created_at` datetime DEFAULT current_timestamp(),
  `info` text COLLATE utf8mb4_unicode_ci DEFAULT NULL,
  UNIQUE KEY `id` (`id`)
) ENGINE=InnoDB AUTO_INCREMENT=101 DEFAULT CHARSET=utf8mb4 COLLATE=utf8mb4_unicode_ci;

INSERT INTO `news` (`id`, `created_at`, `info`) VALUES ('1', '1976-03-08 03:51:03', 'Gryphon, and the Queen said to herself; \'his eyes are so VERY tired of sitting by her sister on the floor, and a Dodo, a Lory and an old conger-eel, that used to say.\' \'So he did, so he did,\' said.');
INSERT INTO `news` (`id`, `created_at`, `info`) VALUES ('2', '1982-11-29 21:39:40', 'PRECIOUS nose\'; as an explanation; \'I\'ve none of them bowed low. \'Would you tell me, please, which way it was only the pepper that had slipped in like herself. \'Would it be of very little use.');
INSERT INTO `news` (`id`, `created_at`, `info`) VALUES ('3', '1997-08-20 19:17:44', 'Mock Turtle at last, more calmly, though still sobbing a little before she got up, and reduced the answer to it?\' said the cook. \'Treacle,\' said a timid voice at her with large eyes like a.');
INSERT INTO `news` (`id`, `created_at`, `info`) VALUES ('4', '1979-11-19 14:47:48', 'I should frighten them out with trying, the poor little juror (it was Bill, I fancy--Who\'s to go through next walking about at the thought that it ought to have changed since her swim in the pool,.');
INSERT INTO `news` (`id`, `created_at`, `info`) VALUES ('5', '1997-04-27 17:45:37', 'MINE,\' said the Caterpillar. \'Well, perhaps not,\' said Alice aloud, addressing nobody in particular. \'She\'d soon fetch it here, lad!--Here, put \'em up at the end of half an hour or so there were ten.');
INSERT INTO `news` (`id`, `created_at`, `info`) VALUES ('6', '1976-11-10 04:53:48', 'Bill\'s place for a great thistle, to keep herself from being run over; and the constant heavy sobbing of the miserable Mock Turtle. Alice was thoroughly puzzled. \'Does the boots and shoes!\' she.');
INSERT INTO `news` (`id`, `created_at`, `info`) VALUES ('7', '1982-07-02 02:25:05', 'For instance, if you like,\' said the Caterpillar took the hookah out of a candle is like after the others. \'We must burn the house of the window, I only wish it was,\' said the Dormouse: \'not in that.');
INSERT INTO `news` (`id`, `created_at`, `info`) VALUES ('8', '1985-07-27 17:22:59', 'Alice; \'I daresay it\'s a French mouse, come over with diamonds, and walked two and two, as the question was evidently meant for her. \'I wish I hadn\'t gone down that rabbit-hole--and yet--and.');
INSERT INTO `news` (`id`, `created_at`, `info`) VALUES ('9', '1975-04-15 22:00:09', 'Alice looked very anxiously into its mouth again, and that\'s all the things between whiles.\' \'Then you may nurse it a very difficult question. However, at last she spread out her hand again, and.');
INSERT INTO `news` (`id`, `created_at`, `info`) VALUES ('10', '1982-10-13 01:16:42', 'King, going up to Alice, flinging the baby with some curiosity. \'What a number of executions the Queen was in the air, mixed up with the tarts, you know--\' \'But, it goes on \"THEY ALL RETURNED FROM.');
INSERT INTO `news` (`id`, `created_at`, `info`) VALUES ('11', '2016-06-24 19:41:11', 'I believe.\' \'Boots and shoes under the sea--\' (\'I haven\'t,\' said Alice)--\'and perhaps you were down here with me! There are no mice in the middle. Alice kept her waiting!\' Alice felt so desperate.');
INSERT INTO `news` (`id`, `created_at`, `info`) VALUES ('12', '2018-11-17 10:19:28', 'I must be collected at once crowded round her once more, while the Mouse to Alice as it happens; and if it makes me grow large again, for this curious child was very deep, or she should chance to be.');
INSERT INTO `news` (`id`, `created_at`, `info`) VALUES ('13', '1977-04-19 05:26:28', 'And will talk in contemptuous tones of her knowledge. \'Just think of what sort it was) scratching and scrambling about in a very respectful tone, but frowning and making faces at him as he spoke,.');
INSERT INTO `news` (`id`, `created_at`, `info`) VALUES ('14', '1983-06-22 13:39:08', 'And will talk in contemptuous tones of her going, though she felt a very humble tone, going down on one of them bowed low. \'Would you tell me,\' said Alice, \'it\'s very easy to know what to do so..');
INSERT INTO `news` (`id`, `created_at`, `info`) VALUES ('15', '2013-12-27 21:15:36', 'Alice did not answer, so Alice went on, \'--likely to win, that it\'s hardly worth while finishing the game.\' The Queen smiled and passed on. \'Who ARE you doing out here? Run home this moment, and.');
INSERT INTO `news` (`id`, `created_at`, `info`) VALUES ('16', '1972-10-07 05:17:01', 'I to do it! Oh dear! I wish you wouldn\'t squeeze so.\' said the King, and the White Rabbit. She was looking down at them, and was suppressed. \'Come, that finished the guinea-pigs!\' thought Alice..');
INSERT INTO `news` (`id`, `created_at`, `info`) VALUES ('17', '1983-10-27 16:03:46', 'Queen will hear you! You see, she came up to the Classics master, though. He was an uncomfortably sharp chin. However, she got back to them, and then I\'ll tell him--it was for bringing the cook and.');
INSERT INTO `news` (`id`, `created_at`, `info`) VALUES ('18', '1999-09-16 13:25:22', 'Dormouse had closed its eyes were nearly out of the party were placed along the sea-shore--\' \'Two lines!\' cried the Gryphon, and, taking Alice by the Queen was in managing her flamingo: she.');
INSERT INTO `news` (`id`, `created_at`, `info`) VALUES ('19', '1986-04-09 05:27:35', 'She said it to be a book written about me, that there was no \'One, two, three, and away,\' but they all looked puzzled.) \'He must have prizes.\' \'But who is Dinah, if I shall see it trying in a.');
INSERT INTO `news` (`id`, `created_at`, `info`) VALUES ('20', '2008-01-08 16:50:02', 'Soo--oop! Soo--oop of the wood to listen. The Fish-Footman began by taking the little golden key and hurried off to trouble myself about you: you must manage the best of educations--in fact, we went.');
INSERT INTO `news` (`id`, `created_at`, `info`) VALUES ('21', '2015-02-01 11:09:13', 'Cat, \'if you only kept on puzzling about it while the Mouse to tell you--all I know I have ordered\'; and she felt unhappy. \'It was the White Rabbit cried out, \'Silence in the pool of tears which she.');
INSERT INTO `news` (`id`, `created_at`, `info`) VALUES ('22', '1988-08-02 15:18:25', 'So she set to work, and very soon found out a new idea to Alice, and she felt very curious sensation, which puzzled her a good deal on where you want to go! Let me think: was I the same age as.');
INSERT INTO `news` (`id`, `created_at`, `info`) VALUES ('23', '1972-06-30 19:44:11', 'Said the mouse doesn\'t get out.\" Only I don\'t keep the same thing as \"I eat what I say,\' the Mock Turtle in a deep, hollow tone: \'sit down, both of you, and must know better\'; and this Alice thought.');
INSERT INTO `news` (`id`, `created_at`, `info`) VALUES ('24', '1992-03-28 21:55:57', 'Exactly as we were. My notion was that you never even introduced to a mouse: she had found the fan she was ever to get in at once.\' However, she got up in such confusion that she was considering in.');
INSERT INTO `news` (`id`, `created_at`, `info`) VALUES ('25', '1994-07-30 07:04:59', 'Alice, and tried to curtsey as she left her, leaning her head to feel very uneasy: to be a book written about me, that there was a dead silence instantly, and Alice was beginning very angrily, but.');
INSERT INTO `news` (`id`, `created_at`, `info`) VALUES ('26', '1989-08-30 14:57:25', 'Rabbit came up to them she heard a little timidly: \'but it\'s no use in waiting by the English, who wanted leaders, and had been anxiously looking across the field after it, and they walked off.');
INSERT INTO `news` (`id`, `created_at`, `info`) VALUES ('27', '2017-05-21 18:16:00', 'March Hare will be the use of a tree. By the use of repeating all that stuff,\' the Mock Turtle yawned and shut his eyes.--\'Tell her about the crumbs,\' said the King, and he wasn\'t one?\' Alice asked..');
INSERT INTO `news` (`id`, `created_at`, `info`) VALUES ('28', '2006-07-20 14:34:49', 'ARE you doing out here? Run home this moment, I tell you, you coward!\' and at once and put it to be ashamed of yourself,\' said Alice, a good opportunity for repeating his remark, with variations. \'I.');
INSERT INTO `news` (`id`, `created_at`, `info`) VALUES ('29', '2004-07-27 17:09:03', 'PLENTY of room!\' said Alice very humbly: \'you had got to the King, rubbing his hands; \'so now let the jury--\' \'If any one left alive!\' She was looking about for it, while the Mouse heard this, it.');
INSERT INTO `news` (`id`, `created_at`, `info`) VALUES ('30', '2021-08-10 16:05:08', 'I tell you!\' said Alice. \'Come, let\'s try Geography. London is the same tone, exactly as if it makes me grow smaller, I can reach the key; and if it had a wink of sleep these three weeks!\' \'I\'m very.');
INSERT INTO `news` (`id`, `created_at`, `info`) VALUES ('31', '1992-11-01 22:16:13', 'Pig and Pepper For a minute or two, she made out that part.\' \'Well, at any rate he might answer questions.--How am I to get in?\' \'There might be hungry, in which you usually see Shakespeare, in the.');
INSERT INTO `news` (`id`, `created_at`, `info`) VALUES ('32', '1996-12-30 08:30:52', 'I should frighten them out with trying, the poor little thing was snorting like a star-fish,\' thought Alice. \'I\'m glad they\'ve begun asking riddles.--I believe I can find out the Fish-Footman was.');
INSERT INTO `news` (`id`, `created_at`, `info`) VALUES ('33', '2008-12-20 18:24:24', 'The Dormouse again took a minute or two, it was good manners for her to begin.\' He looked at Alice, as she could. \'The Dormouse is asleep again,\' said the King. Here one of the Lizard\'s.');
INSERT INTO `news` (`id`, `created_at`, `info`) VALUES ('34', '1989-12-14 09:57:20', 'I hadn\'t mentioned Dinah!\' she said to herself \'This is Bill,\' she gave her one, they gave him two, You gave us three or more; They all sat down again into its face was quite impossible to say.');
INSERT INTO `news` (`id`, `created_at`, `info`) VALUES ('35', '2020-09-15 14:07:16', 'Beautiful, beauti--FUL SOUP!\' \'Chorus again!\' cried the Gryphon, \'you first form into a graceful zigzag, and was beating her violently with its legs hanging down, but generally, just as the jury.');
INSERT INTO `news` (`id`, `created_at`, `info`) VALUES ('36', '1991-08-30 16:53:21', 'You gave us three or more; They all returned from him to be lost, as she had put the Dormouse turned out, and, by the Hatter, and, just as I get SOMEWHERE,\' Alice added as an explanation. \'Oh,.');
INSERT INTO `news` (`id`, `created_at`, `info`) VALUES ('37', '2002-01-29 01:15:00', 'I think it would be the right word) \'--but I shall never get to the King, \'that saves a world of trouble, you know, with oh, such long curly brown hair! And it\'ll fetch things when you throw them,.');
INSERT INTO `news` (`id`, `created_at`, `info`) VALUES ('38', '1976-12-09 07:44:56', 'However, everything is queer to-day.\' Just then she walked on in the sea!\' cried the Mouse, turning to Alice, she went on muttering over the fire, stirring a large ring, with the tarts, you know--\'.');
INSERT INTO `news` (`id`, `created_at`, `info`) VALUES ('39', '1974-05-13 00:49:13', 'I\'ll never go THERE again!\' said Alice angrily. \'It wasn\'t very civil of you to sit down without being seen, when she went on eagerly. \'That\'s enough about lessons,\' the Gryphon in an undertone,.');
INSERT INTO `news` (`id`, `created_at`, `info`) VALUES ('40', '2009-02-07 07:35:43', 'Pat, what\'s that in about half no time! Take your choice!\' The Duchess took her choice, and was just going to say,\' said the Cat; and this was not quite know what to say \'Drink me,\' but the cook.');
INSERT INTO `news` (`id`, `created_at`, `info`) VALUES ('41', '2007-06-04 20:39:28', 'The Panther took pie-crust, and gravy, and meat, While the Duchess replied, in a sorrowful tone; \'at least there\'s no use now,\' thought poor Alice, \'when one wasn\'t always growing larger and.');
INSERT INTO `news` (`id`, `created_at`, `info`) VALUES ('42', '1975-06-26 14:09:22', 'If she should meet the real Mary Ann, what ARE you doing out here? Run home this moment, and fetch me a pair of white kid gloves, and was going to turn round on its axis--\' \'Talking of axes,\' said.');
INSERT INTO `news` (`id`, `created_at`, `info`) VALUES ('43', '1990-04-01 22:16:24', 'King: \'however, it may kiss my hand if it makes me grow larger, I can guess that,\' she added in a sorrowful tone, \'I\'m afraid I am, sir,\' said Alice; \'but when you come to the little door into that.');
INSERT INTO `news` (`id`, `created_at`, `info`) VALUES ('44', '1985-06-04 00:49:07', 'King, \'or I\'ll have you executed, whether you\'re a little girl she\'ll think me at all.\' \'In that case,\' said the Mouse, who seemed too much pepper in my life!\' Just as she could not think of.');
INSERT INTO `news` (`id`, `created_at`, `info`) VALUES ('45', '2007-03-19 14:52:34', 'Five! Don\'t go splashing paint over me like a snout than a real Turtle.\' These words were followed by a row of lamps hanging from the time she found that her flamingo was gone across to the Cheshire.');
INSERT INTO `news` (`id`, `created_at`, `info`) VALUES ('46', '2001-11-08 02:39:21', 'March Hare and the words don\'t FIT you,\' said Alice, \'we learned French and music.\' \'And washing?\' said the Hatter, and he hurried off. Alice thought the poor little juror (it was exactly the right.');
INSERT INTO `news` (`id`, `created_at`, `info`) VALUES ('47', '2000-06-02 20:12:43', 'Alice noticed, had powdered hair that curled all over crumbs.\' \'You\'re wrong about the same thing,\' said the Gryphon. \'I\'ve forgotten the little passage: and THEN--she found herself in a moment: she.');
INSERT INTO `news` (`id`, `created_at`, `info`) VALUES ('48', '1976-09-22 06:40:53', 'Mock Turtle. Alice was thoroughly puzzled. \'Does the boots and shoes!\' she repeated in a melancholy tone. \'Nobody seems to like her, down here, that I should think!\' (Dinah was the first figure!\'.');
INSERT INTO `news` (`id`, `created_at`, `info`) VALUES ('49', '1987-12-21 23:36:38', 'For he can EVEN finish, if he doesn\'t begin.\' But she did not wish to offend the Dormouse into the air. \'--as far out to sea as you liked.\' \'Is that the meeting adjourn, for the immediate adoption.');
INSERT INTO `news` (`id`, `created_at`, `info`) VALUES ('50', '1991-09-06 16:55:04', 'Dormouse, not choosing to notice this last word two or three times over to the Mock Turtle replied, counting off the fire, licking her paws and washing her face--and she is only a child!\' The Queen.');
INSERT INTO `news` (`id`, `created_at`, `info`) VALUES ('51', '2016-02-26 04:08:21', 'LESS,\' said the youth, \'and your jaws are too weak For anything tougher than suet; Yet you turned a corner, \'Oh my ears and whiskers, how late it\'s getting!\' She was looking up into the wood for.');
INSERT INTO `news` (`id`, `created_at`, `info`) VALUES ('52', '2001-07-24 07:48:50', 'Two. Two began in a hoarse, feeble voice: \'I heard every word you fellows were saying.\' \'Tell us a story.\' \'I\'m afraid I don\'t put my arm round your waist,\' the Duchess was sitting on a bough of a.');
INSERT INTO `news` (`id`, `created_at`, `info`) VALUES ('53', '1972-06-04 03:28:44', 'Mock Turtle went on. \'Or would you tell me,\' said Alice, surprised at her for a little timidly: \'but it\'s no use speaking to a shriek, \'and just as she spoke. Alice did not like to hear the Rabbit.');
INSERT INTO `news` (`id`, `created_at`, `info`) VALUES ('54', '2013-05-27 19:37:55', 'Alice quite hungry to look at them--\'I wish they\'d get the trial one way up as the doubled-up soldiers were silent, and looked at the end.\' \'If you didn\'t sign it,\' said Alice. \'Who\'s making.');
INSERT INTO `news` (`id`, `created_at`, `info`) VALUES ('55', '2013-01-27 03:58:31', 'No, there were no arches left, and all of you, and don\'t speak a word till I\'ve finished.\' So they began moving about again, and said, very gravely, \'I think, you ought to eat her up in spite of all.');
INSERT INTO `news` (`id`, `created_at`, `info`) VALUES ('56', '1982-12-10 10:20:40', 'Alice went on growing, and, as they lay on the look-out for serpents night and day! Why, I wouldn\'t be in Bill\'s place for a little startled when she found her head to feel very sleepy and stupid),.');
INSERT INTO `news` (`id`, `created_at`, `info`) VALUES ('57', '1975-07-09 22:24:22', 'Duchess. \'I make you grow shorter.\' \'One side will make you dry enough!\' They all sat down at her rather inquisitively, and seemed not to make it stop. \'Well, I\'d hardly finished the goose, with the.');
INSERT INTO `news` (`id`, `created_at`, `info`) VALUES ('58', '2008-01-31 13:33:21', 'Alice; \'living at the Cat\'s head began fading away the time. Alice had learnt several things of this was not much like keeping so close to them, and then Alice put down her anger as well go in at.');
INSERT INTO `news` (`id`, `created_at`, `info`) VALUES ('59', '1998-02-08 14:01:00', 'I\'ll go round and round the court with a trumpet in one hand and a scroll of parchment in the middle, nursing a baby; the cook took the watch and looked very uncomfortable. The first question of.');
INSERT INTO `news` (`id`, `created_at`, `info`) VALUES ('60', '1987-09-14 20:44:21', 'March Hare. \'I didn\'t mean it!\' pleaded poor Alice. \'But you\'re so easily offended!\' \'You\'ll get used to call him Tortoise, if he wasn\'t going to say,\' said the Queen, and Alice thought decidedly.');
INSERT INTO `news` (`id`, `created_at`, `info`) VALUES ('61', '1998-06-02 06:08:12', 'VERY remarkable in that; nor did Alice think it would be the use of this sort in her haste, she had wept when she turned the corner, but the Mouse had changed his mind, and was going to shrink any.');
INSERT INTO `news` (`id`, `created_at`, `info`) VALUES ('62', '1991-02-18 17:23:19', 'No, I\'ve made up my mind about it; if I\'m Mabel, I\'ll stay down here! It\'ll be no use their putting their heads down and saying \"Come up again, dear!\" I shall think nothing of tumbling down stairs!.');
INSERT INTO `news` (`id`, `created_at`, `info`) VALUES ('63', '2002-05-14 15:39:32', 'The hedgehog was engaged in a very grave voice, \'until all the things being alive; for instance, there\'s the arch I\'ve got to see what was going to shrink any further: she felt that she knew that it.');
INSERT INTO `news` (`id`, `created_at`, `info`) VALUES ('64', '1980-07-15 04:50:17', 'I COULD NOT SWIM--\" you can\'t be civil, you\'d better finish the story for yourself.\' \'No, please go on!\' Alice said nothing: she had been running half an hour or so, and giving it something out of.');
INSERT INTO `news` (`id`, `created_at`, `info`) VALUES ('65', '1985-03-01 21:19:18', 'Duchess, \'chop off her head!\' Alice glanced rather anxiously at the mushroom (she had grown to her usual height. It was so small as this before, never! And I declare it\'s too bad, that it would make.');
INSERT INTO `news` (`id`, `created_at`, `info`) VALUES ('66', '1982-04-09 04:56:41', 'WOULD put their heads down and looked at it gloomily: then he dipped it into his cup of tea, and looked at each other for some way of expressing yourself.\' The baby grunted again, so that they.');
INSERT INTO `news` (`id`, `created_at`, `info`) VALUES ('67', '2017-02-11 19:48:21', 'Heads below!\' (a loud crash)--\'Now, who did that?--It was Bill, the Lizard) could not think of any use, now,\' thought poor Alice, that she never knew whether it was very hot, she kept tossing the.');
INSERT INTO `news` (`id`, `created_at`, `info`) VALUES ('68', '1990-06-24 12:56:35', 'By the use of a good many little girls in my kitchen AT ALL. Soup does very well as the doubled-up soldiers were always getting up and picking the daisies, when suddenly a footman in livery came.');
INSERT INTO `news` (`id`, `created_at`, `info`) VALUES ('69', '2003-03-09 10:28:09', 'However, this bottle does. I do it again and again.\' \'You are not the same, the next witness. It quite makes my forehead ache!\' Alice watched the Queen furiously, throwing an inkstand at the cook.');
INSERT INTO `news` (`id`, `created_at`, `info`) VALUES ('70', '1998-01-20 00:32:19', 'March Hare went \'Sh! sh!\' and the White Rabbit, \'but it sounds uncommon nonsense.\' Alice said nothing; she had succeeded in curving it down \'important,\' and some \'unimportant.\' Alice could speak.');
INSERT INTO `news` (`id`, `created_at`, `info`) VALUES ('71', '1995-12-23 08:00:08', 'I\'M a Duchess,\' she said to herself, as well to say \'Drink me,\' but the Dodo suddenly called out in a trembling voice, \'Let us get to twenty at that rate! However, the Multiplication Table doesn\'t.');
INSERT INTO `news` (`id`, `created_at`, `info`) VALUES ('72', '1971-03-27 07:54:36', 'I\'ll just see what I used to do:-- \'How doth the little golden key, and Alice\'s first thought was that you think I may as well as she could, and soon found out a race-course, in a sorrowful tone,.');
INSERT INTO `news` (`id`, `created_at`, `info`) VALUES ('73', '2019-08-06 20:40:12', 'The Knave did so, and were resting in the direction in which you usually see Shakespeare, in the after-time, be herself a grown woman; and how she would manage it. \'They must go by the officers of.');
INSERT INTO `news` (`id`, `created_at`, `info`) VALUES ('74', '2006-11-16 23:30:16', 'CHAPTER IX. The Mock Turtle\'s Story \'You can\'t think how glad I am so VERY nearly at the beginning,\' the King said to the seaside once in the pool, and the Gryphon as if she had not long to doubt,.');
INSERT INTO `news` (`id`, `created_at`, `info`) VALUES ('75', '1970-10-29 15:02:58', 'Dormouse, who seemed to listen, the whole party look so grave that she was quite impossible to say to this: so she felt sure she would keep, through all her coaxing. Hardly knowing what she was near.');
INSERT INTO `news` (`id`, `created_at`, `info`) VALUES ('76', '1979-09-08 05:49:10', 'They\'re dreadfully fond of pretending to be sure, this generally happens when one eats cake, but Alice had no reason to be an old conger-eel, that used to read fairy-tales, I fancied that kind of.');
INSERT INTO `news` (`id`, `created_at`, `info`) VALUES ('77', '2017-06-12 16:55:32', 'While she was playing against herself, for this curious child was very glad she had expected: before she got back to the porpoise, \"Keep back, please: we don\'t want YOU with us!\"\' \'They were obliged.');
INSERT INTO `news` (`id`, `created_at`, `info`) VALUES ('78', '2013-05-08 23:23:58', 'Alice, she went on: \'--that begins with an important air, \'are you all ready? This is the driest thing I ever saw one that size? Why, it fills the whole window!\' \'Sure, it does, yer honour: but it\'s.');
INSERT INTO `news` (`id`, `created_at`, `info`) VALUES ('79', '1972-04-18 15:04:29', 'And welcome little fishes in With gently smiling jaws!\' \'I\'m sure I\'m not the smallest idea how to get through the wood. \'If it had fallen into the sea, \'and in that ridiculous fashion.\' And he got.');
INSERT INTO `news` (`id`, `created_at`, `info`) VALUES ('80', '2017-01-15 20:45:38', 'And have grown most uncommonly fat; Yet you finished the goose, with the name of nearly everything there. \'That\'s the first to break the silence. \'What day of the Shark, But, when the White Rabbit,.');
INSERT INTO `news` (`id`, `created_at`, `info`) VALUES ('81', '2010-05-24 20:53:25', 'The Frog-Footman repeated, in the beautiful garden, among the distant green leaves. As there seemed to Alice again. \'No, I give it up,\' Alice replied: \'what\'s the answer?\' \'I haven\'t opened it yet,\'.');
INSERT INTO `news` (`id`, `created_at`, `info`) VALUES ('82', '2014-12-23 21:23:28', 'CAN all that stuff,\' the Mock Turtle interrupted, \'if you don\'t like them!\' When the Mouse had changed his mind, and was just going to turn into a cucumber-frame, or something of the edge of her age.');
INSERT INTO `news` (`id`, `created_at`, `info`) VALUES ('83', '2008-11-12 02:02:05', 'Caterpillar. \'I\'m afraid I\'ve offended it again!\' For the Mouse heard this, it turned a back-somersault in at the end of his pocket, and pulled out a new idea to Alice, and she hurried out of THIS!\'.');
INSERT INTO `news` (`id`, `created_at`, `info`) VALUES ('84', '1995-12-28 00:23:58', 'As soon as it was only too glad to find my way into that beautiful garden--how IS that to be beheaded!\' \'What for?\' said the March Hare said--\' \'I didn\'t!\' the March Hare said to herself how this.');
INSERT INTO `news` (`id`, `created_at`, `info`) VALUES ('85', '1973-12-23 04:09:09', 'I\'ve got to grow to my right size for going through the wood. \'If it had been. But her sister kissed her, and she felt that this could not help thinking there MUST be more to come, so she began.');
INSERT INTO `news` (`id`, `created_at`, `info`) VALUES ('86', '2016-02-19 01:52:05', 'Alice, looking down with one eye; but to get dry very soon. \'Ahem!\' said the Pigeon; \'but if they do, why then they\'re a kind of serpent, that\'s all I can find them.\' As she said to one of the.');
INSERT INTO `news` (`id`, `created_at`, `info`) VALUES ('87', '2009-10-08 12:58:19', 'Cat. \'--so long as it went, \'One side of the window, and some \'unimportant.\' Alice could see, when she noticed that one of the Mock Turtle replied in a hoarse, feeble voice: \'I heard the Rabbit came.');
INSERT INTO `news` (`id`, `created_at`, `info`) VALUES ('88', '2018-10-14 13:26:19', 'White Rabbit read out, at the cook had disappeared. \'Never mind!\' said the King, the Queen, who were all shaped like the three gardeners, oblong and flat, with their heads!\' and the King exclaimed,.');
INSERT INTO `news` (`id`, `created_at`, `info`) VALUES ('89', '2006-08-08 18:40:15', 'I do it again and again.\' \'You are all pardoned.\' \'Come, THAT\'S a good deal worse off than before, as the soldiers did. After these came the royal children; there were no arches left, and all must.');
INSERT INTO `news` (`id`, `created_at`, `info`) VALUES ('90', '1999-03-06 18:04:49', 'Alice for protection. \'You shan\'t be beheaded!\' \'What for?\' said Alice. \'Come, let\'s hear some of the legs of the sense, and the King said to herself; \'his eyes are so VERY wide, but she was nine.');
INSERT INTO `news` (`id`, `created_at`, `info`) VALUES ('91', '2010-08-04 23:04:33', 'And in she went. Once more she found that it might belong to one of the court. All this time it all came different!\' the Mock Turtle, who looked at it uneasily, shaking it every now and then, if I.');
INSERT INTO `news` (`id`, `created_at`, `info`) VALUES ('92', '2004-05-29 10:04:53', 'I look like one, but it all seemed quite dull and stupid for life to go down the hall. After a while, finding that nothing more happened, she decided to remain where she was going a journey, I.');
INSERT INTO `news` (`id`, `created_at`, `info`) VALUES ('93', '1988-09-15 21:42:58', 'It was the Rabbit in a great letter, nearly as she went on. \'Or would you like the Queen?\' said the Knave, \'I didn\'t mean it!\' pleaded poor Alice. \'But you\'re so easily offended!\' \'You\'ll get used.');
INSERT INTO `news` (`id`, `created_at`, `info`) VALUES ('94', '2018-10-15 11:33:51', 'How I wonder if I fell off the subjects on his knee, and looking anxiously about as it can talk: at any rate,\' said Alice: \'three inches is such a nice little histories about children who had got.');
INSERT INTO `news` (`id`, `created_at`, `info`) VALUES ('95', '2010-03-25 05:09:49', 'Would not, could not, would not, could not, would not give all else for two Pennyworth only of beautiful Soup? Beau--ootiful Soo--oop! Soo--oop of the trees upon her knee, and looking anxiously.');
INSERT INTO `news` (`id`, `created_at`, `info`) VALUES ('96', '1977-08-22 00:08:52', 'I--\' \'Oh, don\'t talk about wasting IT. It\'s HIM.\' \'I don\'t think it\'s at all fairly,\' Alice began, in a low, weak voice. \'Now, I give you fair warning,\' shouted the Queen put on your shoes and.');
INSERT INTO `news` (`id`, `created_at`, `info`) VALUES ('97', '1983-05-16 15:33:17', 'Nobody moved. \'Who cares for you?\' said Alice, looking down at her for a few yards off. The Cat seemed to have got in as well,\' the Hatter were having tea at it: a Dormouse was sitting next to no.');
INSERT INTO `news` (`id`, `created_at`, `info`) VALUES ('98', '1995-10-02 13:21:13', 'The Cat only grinned a little quicker. \'What a curious croquet-ground in her life before, and he went on in a low, weak voice. \'Now, I give it up,\' Alice replied: \'what\'s the answer?\' \'I haven\'t the.');
INSERT INTO `news` (`id`, `created_at`, `info`) VALUES ('99', '1992-04-27 18:45:50', 'At last the Mouse, who seemed too much frightened to say it over) \'--yes, that\'s about the same tone, exactly as if he would deny it too: but the great hall, with the words came very queer indeed:--.');
INSERT INTO `news` (`id`, `created_at`, `info`) VALUES ('100', '1992-08-17 12:32:16', 'Alice. \'I mean what I say,\' the Mock Turtle is.\' \'It\'s the thing Mock Turtle yet?\' \'No,\' said the King, and the arm that was lying under the sea--\' (\'I haven\'t,\' said Alice)--\'and perhaps you were.');


#
# TABLE STRUCTURE FOR: profile
#


INSERT INTO `profile` (`id`, `user_id`, `is_vip`, `gender`, `created_at`, `money`, `birthday`) VALUES ('101', '101', 1, 'Ж', '2005-08-11 08:49:37', '1', '1974-10-02 20:35:24');
INSERT INTO `profile` (`id`, `user_id`, `is_vip`, `gender`, `created_at`, `money`, `birthday`) VALUES ('102', '103', 0, 'Ж', '2011-11-10 16:32:07', '53', '1977-10-23 09:35:49');
INSERT INTO `profile` (`id`, `user_id`, `is_vip`, `gender`, `created_at`, `money`, `birthday`) VALUES ('103', '104', 0, 'М', '2015-09-05 04:18:14', '1', '2005-07-30 20:41:50');
INSERT INTO `profile` (`id`, `user_id`, `is_vip`, `gender`, `created_at`, `money`, `birthday`) VALUES ('104', '105', 0, 'М', '2006-09-10 15:45:54', '210846', '2011-05-25 18:31:34');
INSERT INTO `profile` (`id`, `user_id`, `is_vip`, `gender`, `created_at`, `money`, `birthday`) VALUES ('105', '106', 0, 'М', '2007-09-23 07:08:45', '2825009', '1970-02-14 20:14:30');
INSERT INTO `profile` (`id`, `user_id`, `is_vip`, `gender`, `created_at`, `money`, `birthday`) VALUES ('106', '109', 0, 'М', '2018-04-06 11:40:20', '0', '2005-09-02 10:22:24');
INSERT INTO `profile` (`id`, `user_id`, `is_vip`, `gender`, `created_at`, `money`, `birthday`) VALUES ('107', '111', 0, 'М', '2005-06-26 06:29:43', '0', '2014-02-25 01:21:30');
INSERT INTO `profile` (`id`, `user_id`, `is_vip`, `gender`, `created_at`, `money`, `birthday`) VALUES ('108', '112', 0, 'Ж', '2013-08-10 19:08:07', '0', '2004-10-14 04:47:54');
INSERT INTO `profile` (`id`, `user_id`, `is_vip`, `gender`, `created_at`, `money`, `birthday`) VALUES ('109', '113', 1, 'М', '2013-09-29 07:19:46', '1581', '2013-04-04 22:34:57');
INSERT INTO `profile` (`id`, `user_id`, `is_vip`, `gender`, `created_at`, `money`, `birthday`) VALUES ('110', '115', 0, 'М', '1991-10-02 15:03:50', '600178', '1976-03-19 23:02:20');
INSERT INTO `profile` (`id`, `user_id`, `is_vip`, `gender`, `created_at`, `money`, `birthday`) VALUES ('111', '116', 0, 'М', '2006-06-14 20:23:55', '139', '1994-07-18 00:47:40');
INSERT INTO `profile` (`id`, `user_id`, `is_vip`, `gender`, `created_at`, `money`, `birthday`) VALUES ('112', '118', 0, 'М', '1991-07-26 16:43:35', '34', '1972-10-16 17:27:28');
INSERT INTO `profile` (`id`, `user_id`, `is_vip`, `gender`, `created_at`, `money`, `birthday`) VALUES ('113', '119', 1, 'Ж', '2007-12-11 07:05:55', '2240', '1987-04-17 22:22:14');
INSERT INTO `profile` (`id`, `user_id`, `is_vip`, `gender`, `created_at`, `money`, `birthday`) VALUES ('114', '122', 1, 'Ж', '2000-04-26 23:24:10', '196531', '2015-10-21 03:49:13');
INSERT INTO `profile` (`id`, `user_id`, `is_vip`, `gender`, `created_at`, `money`, `birthday`) VALUES ('115', '123', 1, 'Ж', '2021-05-20 03:22:03', '20463065', '1973-04-15 23:10:51');
INSERT INTO `profile` (`id`, `user_id`, `is_vip`, `gender`, `created_at`, `money`, `birthday`) VALUES ('116', '124', 0, 'Ж', '1987-03-20 00:36:55', '31521', '2014-08-03 07:57:19');
INSERT INTO `profile` (`id`, `user_id`, `is_vip`, `gender`, `created_at`, `money`, `birthday`) VALUES ('117', '126', 0, 'Ж', '1977-07-28 01:08:35', '23217743', '1993-03-14 02:57:27');
INSERT INTO `profile` (`id`, `user_id`, `is_vip`, `gender`, `created_at`, `money`, `birthday`) VALUES ('118', '127', 1, 'М', '2021-04-07 18:54:37', '2390847', '1994-08-31 17:00:32');
INSERT INTO `profile` (`id`, `user_id`, `is_vip`, `gender`, `created_at`, `money`, `birthday`) VALUES ('119', '130', 1, 'Ж', '2003-04-18 00:32:00', '17159943', '2006-09-30 19:09:35');
INSERT INTO `profile` (`id`, `user_id`, `is_vip`, `gender`, `created_at`, `money`, `birthday`) VALUES ('120', '132', 0, 'Ж', '1974-11-01 00:58:56', '515', '1989-07-13 02:55:26');
INSERT INTO `profile` (`id`, `user_id`, `is_vip`, `gender`, `created_at`, `money`, `birthday`) VALUES ('121', '133', 0, 'Ж', '1979-01-03 09:39:19', '79002362', '2020-02-01 09:08:14');
INSERT INTO `profile` (`id`, `user_id`, `is_vip`, `gender`, `created_at`, `money`, `birthday`) VALUES ('122', '134', 1, 'Ж', '1997-06-21 14:56:27', '169', '1997-10-02 14:09:43');
INSERT INTO `profile` (`id`, `user_id`, `is_vip`, `gender`, `created_at`, `money`, `birthday`) VALUES ('123', '135', 0, 'Ж', '1997-09-04 08:47:09', '3384', '2011-06-10 06:34:48');
INSERT INTO `profile` (`id`, `user_id`, `is_vip`, `gender`, `created_at`, `money`, `birthday`) VALUES ('124', '137', 1, 'М', '1986-04-03 21:52:56', '430256486', '1982-03-08 23:58:26');
INSERT INTO `profile` (`id`, `user_id`, `is_vip`, `gender`, `created_at`, `money`, `birthday`) VALUES ('125', '138', 0, 'Ж', '2015-03-16 11:12:17', '5874464', '2014-11-27 12:24:50');
INSERT INTO `profile` (`id`, `user_id`, `is_vip`, `gender`, `created_at`, `money`, `birthday`) VALUES ('126', '139', 1, 'Ж', '1986-03-16 14:19:19', '20', '2016-03-19 09:54:02');
INSERT INTO `profile` (`id`, `user_id`, `is_vip`, `gender`, `created_at`, `money`, `birthday`) VALUES ('127', '140', 1, 'Ж', '1991-08-29 11:26:45', '14680534', '1970-07-28 21:29:22');
INSERT INTO `profile` (`id`, `user_id`, `is_vip`, `gender`, `created_at`, `money`, `birthday`) VALUES ('128', '141', 1, 'М', '2001-10-10 03:22:18', '38', '1974-05-12 03:14:31');
INSERT INTO `profile` (`id`, `user_id`, `is_vip`, `gender`, `created_at`, `money`, `birthday`) VALUES ('129', '142', 0, 'М', '1981-06-04 12:47:28', '479', '1970-08-02 05:00:08');
INSERT INTO `profile` (`id`, `user_id`, `is_vip`, `gender`, `created_at`, `money`, `birthday`) VALUES ('130', '143', 0, 'Ж', '1992-11-29 13:41:12', '663737', '1999-01-29 10:29:46');
INSERT INTO `profile` (`id`, `user_id`, `is_vip`, `gender`, `created_at`, `money`, `birthday`) VALUES ('131', '144', 0, 'Ж', '2015-06-06 18:51:27', '635636326', '1997-07-30 12:32:32');
INSERT INTO `profile` (`id`, `user_id`, `is_vip`, `gender`, `created_at`, `money`, `birthday`) VALUES ('132', '145', 1, 'Ж', '2017-02-01 01:34:20', '30777', '1988-08-06 19:13:41');
INSERT INTO `profile` (`id`, `user_id`, `is_vip`, `gender`, `created_at`, `money`, `birthday`) VALUES ('133', '146', 1, 'М', '1995-09-13 01:29:50', '22', '1982-06-26 08:54:34');
INSERT INTO `profile` (`id`, `user_id`, `is_vip`, `gender`, `created_at`, `money`, `birthday`) VALUES ('134', '147', 1, 'Ж', '1983-08-26 10:58:53', '438493710', '1991-09-17 15:26:28');
INSERT INTO `profile` (`id`, `user_id`, `is_vip`, `gender`, `created_at`, `money`, `birthday`) VALUES ('135', '148', 1, 'Ж', '1992-10-28 00:42:26', '18487', '1981-07-14 12:47:28');
INSERT INTO `profile` (`id`, `user_id`, `is_vip`, `gender`, `created_at`, `money`, `birthday`) VALUES ('136', '149', 1, 'Ж', '1991-04-19 02:14:59', '16', '1995-08-16 02:27:16');
INSERT INTO `profile` (`id`, `user_id`, `is_vip`, `gender`, `created_at`, `money`, `birthday`) VALUES ('137', '150', 1, 'Ж', '1984-05-02 09:47:13', '17', '2010-05-26 13:04:11');
INSERT INTO `profile` (`id`, `user_id`, `is_vip`, `gender`, `created_at`, `money`, `birthday`) VALUES ('138', '151', 1, 'М', '2019-12-03 13:02:06', '595920', '1991-01-13 14:32:07');
INSERT INTO `profile` (`id`, `user_id`, `is_vip`, `gender`, `created_at`, `money`, `birthday`) VALUES ('139', '152', 0, 'Ж', '1987-08-28 11:40:50', '0', '1996-01-07 22:01:39');
INSERT INTO `profile` (`id`, `user_id`, `is_vip`, `gender`, `created_at`, `money`, `birthday`) VALUES ('140', '153', 0, 'М', '2018-01-04 15:07:22', '7239296', '1985-07-26 03:46:08');
INSERT INTO `profile` (`id`, `user_id`, `is_vip`, `gender`, `created_at`, `money`, `birthday`) VALUES ('141', '156', 0, 'М', '2007-04-09 01:03:44', '8705', '2021-05-11 22:34:24');
INSERT INTO `profile` (`id`, `user_id`, `is_vip`, `gender`, `created_at`, `money`, `birthday`) VALUES ('142', '158', 1, 'М', '1998-04-06 03:19:35', '2', '2008-04-09 21:33:25');
INSERT INTO `profile` (`id`, `user_id`, `is_vip`, `gender`, `created_at`, `money`, `birthday`) VALUES ('143', '160', 1, 'Ж', '2007-11-06 23:36:18', '441683484', '2021-08-08 11:57:36');
INSERT INTO `profile` (`id`, `user_id`, `is_vip`, `gender`, `created_at`, `money`, `birthday`) VALUES ('144', '163', 0, 'Ж', '1972-01-15 15:24:09', '3390271', '1978-03-18 04:44:16');
INSERT INTO `profile` (`id`, `user_id`, `is_vip`, `gender`, `created_at`, `money`, `birthday`) VALUES ('145', '164', 1, 'Ж', '1978-03-24 07:57:31', '415', '1982-05-16 11:19:48');
INSERT INTO `profile` (`id`, `user_id`, `is_vip`, `gender`, `created_at`, `money`, `birthday`) VALUES ('146', '166', 1, 'М', '1984-07-31 21:51:18', '0', '1988-03-12 00:51:58');
INSERT INTO `profile` (`id`, `user_id`, `is_vip`, `gender`, `created_at`, `money`, `birthday`) VALUES ('147', '168', 1, 'Ж', '1987-11-02 03:22:58', '1895', '2001-02-28 05:30:26');
INSERT INTO `profile` (`id`, `user_id`, `is_vip`, `gender`, `created_at`, `money`, `birthday`) VALUES ('148', '169', 1, 'М', '1977-08-24 09:43:35', '42394571', '2020-12-23 11:38:32');
INSERT INTO `profile` (`id`, `user_id`, `is_vip`, `gender`, `created_at`, `money`, `birthday`) VALUES ('149', '171', 0, 'Ж', '2006-02-19 10:44:30', '43', '2000-06-14 08:29:05');
INSERT INTO `profile` (`id`, `user_id`, `is_vip`, `gender`, `created_at`, `money`, `birthday`) VALUES ('150', '174', 1, 'Ж', '1980-10-10 07:00:03', '1877', '1999-08-06 20:22:45');
INSERT INTO `profile` (`id`, `user_id`, `is_vip`, `gender`, `created_at`, `money`, `birthday`) VALUES ('151', '175', 1, 'Ж', '2003-08-18 02:37:39', '1152', '1999-11-13 14:55:16');
INSERT INTO `profile` (`id`, `user_id`, `is_vip`, `gender`, `created_at`, `money`, `birthday`) VALUES ('152', '177', 0, 'Ж', '1972-09-14 10:29:41', '1', '2015-12-18 11:38:32');
INSERT INTO `profile` (`id`, `user_id`, `is_vip`, `gender`, `created_at`, `money`, `birthday`) VALUES ('153', '178', 0, 'М', '2007-08-17 21:48:23', '7', '1977-12-15 02:56:51');
INSERT INTO `profile` (`id`, `user_id`, `is_vip`, `gender`, `created_at`, `money`, `birthday`) VALUES ('154', '179', 1, 'Ж', '1991-11-28 11:00:04', '2', '1971-05-03 04:46:53');
INSERT INTO `profile` (`id`, `user_id`, `is_vip`, `gender`, `created_at`, `money`, `birthday`) VALUES ('155', '181', 1, 'Ж', '2016-02-19 20:00:08', '2672', '1987-10-03 04:13:03');
INSERT INTO `profile` (`id`, `user_id`, `is_vip`, `gender`, `created_at`, `money`, `birthday`) VALUES ('156', '182', 0, 'М', '1973-04-08 07:48:00', '0', '1983-05-25 22:12:02');
INSERT INTO `profile` (`id`, `user_id`, `is_vip`, `gender`, `created_at`, `money`, `birthday`) VALUES ('157', '184', 0, 'Ж', '1999-04-17 07:12:39', '0', '1993-01-22 12:01:35');
INSERT INTO `profile` (`id`, `user_id`, `is_vip`, `gender`, `created_at`, `money`, `birthday`) VALUES ('158', '185', 1, 'Ж', '1990-12-25 04:23:52', '16174', '2011-04-13 03:21:53');
INSERT INTO `profile` (`id`, `user_id`, `is_vip`, `gender`, `created_at`, `money`, `birthday`) VALUES ('159', '186', 0, 'М', '1970-11-04 10:47:35', '481375667', '2013-04-12 00:53:17');
INSERT INTO `profile` (`id`, `user_id`, `is_vip`, `gender`, `created_at`, `money`, `birthday`) VALUES ('160', '188', 1, 'М', '2007-06-24 21:16:57', '43122', '2006-01-15 11:14:32');
INSERT INTO `profile` (`id`, `user_id`, `is_vip`, `gender`, `created_at`, `money`, `birthday`) VALUES ('161', '189', 0, 'М', '1985-10-10 11:03:20', '0', '2001-04-20 11:31:39');
INSERT INTO `profile` (`id`, `user_id`, `is_vip`, `gender`, `created_at`, `money`, `birthday`) VALUES ('162', '190', 0, 'Ж', '2016-05-26 08:23:50', '1360', '1982-10-17 21:18:30');
INSERT INTO `profile` (`id`, `user_id`, `is_vip`, `gender`, `created_at`, `money`, `birthday`) VALUES ('163', '191', 1, 'Ж', '1989-04-26 00:27:14', '66', '1991-06-02 09:18:19');
INSERT INTO `profile` (`id`, `user_id`, `is_vip`, `gender`, `created_at`, `money`, `birthday`) VALUES ('164', '192', 1, 'М', '1994-04-26 21:44:00', '539831505', '1983-03-17 03:14:34');
INSERT INTO `profile` (`id`, `user_id`, `is_vip`, `gender`, `created_at`, `money`, `birthday`) VALUES ('165', '194', 0, 'М', '1970-05-17 11:54:07', '374', '1975-06-25 09:24:03');
INSERT INTO `profile` (`id`, `user_id`, `is_vip`, `gender`, `created_at`, `money`, `birthday`) VALUES ('166', '195', 0, 'Ж', '1999-06-19 18:14:09', '402', '2004-04-24 19:14:09');
INSERT INTO `profile` (`id`, `user_id`, `is_vip`, `gender`, `created_at`, `money`, `birthday`) VALUES ('167', '198', 1, 'Ж', '1983-01-21 01:18:47', '18790997', '1997-03-08 21:42:26');
INSERT INTO `profile` (`id`, `user_id`, `is_vip`, `gender`, `created_at`, `money`, `birthday`) VALUES ('168', '199', 1, 'М', '1983-08-27 13:36:21', '33922', '1997-03-08 09:30:27');
INSERT INTO `profile` (`id`, `user_id`, `is_vip`, `gender`, `created_at`, `money`, `birthday`) VALUES ('169', '200', 0, 'М', '1997-07-25 10:20:01', '0', '1979-03-16 12:54:47');


#
# TABLE STRUCTURE FOR: rewiew
#



INSERT INTO `rewiew` (`id`, `user_id`, `media_id`, `info`, `written_at`) VALUES ('101', '101', '201', 'Seven flung down his cheeks, he went on without attending to her, so she turned to the Gryphon. \'The reason is,\' said the Hatter. This piece of bread-and-butter in the same year for such a thing.', '1977-08-28 09:17:33');
INSERT INTO `rewiew` (`id`, `user_id`, `media_id`, `info`, `written_at`) VALUES ('102', '103', '202', 'Shall I try the patience of an oyster!\' \'I wish I hadn\'t to bring but one; Bill\'s got the other--Bill! fetch it here, lad!--Here, put \'em up at this moment the door of the deepest contempt. \'I\'ve.', '2002-07-06 04:19:35');
INSERT INTO `rewiew` (`id`, `user_id`, `media_id`, `info`, `written_at`) VALUES ('103', '104', '203', 'No, no! You\'re a serpent; and there\'s no meaning in them, after all. I needn\'t be afraid of them!\' \'And who are THESE?\' said the sage, as he said in a very truthful child; \'but little girls of her.', '2005-05-08 02:03:53');
INSERT INTO `rewiew` (`id`, `user_id`, `media_id`, `info`, `written_at`) VALUES ('104', '105', '204', 'May it won\'t be raving mad--at least not so mad as it spoke. \'As wet as ever,\' said Alice in a melancholy tone: \'it doesn\'t seem to be\"--or if you\'d rather not.\' \'We indeed!\' cried the Gryphon, and,.', '1990-07-30 00:03:31');
INSERT INTO `rewiew` (`id`, `user_id`, `media_id`, `info`, `written_at`) VALUES ('105', '106', '205', 'Do you think you\'re changed, do you?\' \'I\'m afraid I am, sir,\' said Alice; \'you needn\'t be afraid of them!\' \'And who is to do this, so that it was perfectly round, she came upon a time there were no.', '2020-02-11 01:27:09');
INSERT INTO `rewiew` (`id`, `user_id`, `media_id`, `info`, `written_at`) VALUES ('106', '109', '206', 'My notion was that she wanted to send the hedgehog a blow with its arms and legs in all their simple sorrows, and find a pleasure in all directions, tumbling up against each other; however, they got.', '1995-09-02 10:25:35');
INSERT INTO `rewiew` (`id`, `user_id`, `media_id`, `info`, `written_at`) VALUES ('107', '111', '207', 'I fell off the subjects on his flappers, \'--Mystery, ancient and modern, with Seaography: then Drawling--the Drawling-master was an old conger-eel, that used to say \'I once tasted--\' but checked.', '2004-06-23 00:44:41');
INSERT INTO `rewiew` (`id`, `user_id`, `media_id`, `info`, `written_at`) VALUES ('108', '112', '208', 'She went on again:-- \'I didn\'t know that cats COULD grin.\' \'They all can,\' said the Duchess. \'Everything\'s got a moral, if only you can find out the answer to shillings and pence. \'Take off your.', '1993-10-10 15:11:36');


#
# TABLE STRUCTURE FOR: user_list_of_media
#


INSERT INTO `user_list_of_media` (`profile_id`, `media_id`, `added_at`) VALUES ('101', '201', '2019-02-24 17:00:45');
INSERT INTO `user_list_of_media` (`profile_id`, `media_id`, `added_at`) VALUES ('102', '202', '1980-01-29 04:46:41');
INSERT INTO `user_list_of_media` (`profile_id`, `media_id`, `added_at`) VALUES ('103', '203', '1984-10-02 10:24:35');
INSERT INTO `user_list_of_media` (`profile_id`, `media_id`, `added_at`) VALUES ('104', '204', '1993-05-11 03:59:01');
INSERT INTO `user_list_of_media` (`profile_id`, `media_id`, `added_at`) VALUES ('105', '205', '2021-08-12 22:16:43');
INSERT INTO `user_list_of_media` (`profile_id`, `media_id`, `added_at`) VALUES ('106', '206', '2004-08-27 10:57:37');
INSERT INTO `user_list_of_media` (`profile_id`, `media_id`, `added_at`) VALUES ('107', '207', '2008-11-07 02:27:32');
INSERT INTO `user_list_of_media` (`profile_id`, `media_id`, `added_at`) VALUES ('108', '208', '2019-07-13 18:58:42');


#
# TABLE STRUCTURE FOR: users
#


INSERT INTO `users` (`id`, `name`, `surname`, `login`, `password_hash`, `phone`) VALUES ('101', 'Joshuah', 'Reynolds', 'tdnq', 'be0d94d7bf489f23cc825ab0d07896259942bd3e', '1');
INSERT INTO `users` (`id`, `name`, `surname`, `login`, `password_hash`, `phone`) VALUES ('103', 'Ernest', 'Johnson', 'ozny', 'beb0fd48c01a44a358cd5bdcbf16844bfdc81675', '6314083764');
INSERT INTO `users` (`id`, `name`, `surname`, `login`, `password_hash`, `phone`) VALUES ('104', 'Alvah', 'Weissnat', 'dnke', 'e3a2682fda2d6ee25173785a3ea6c05c7ee8d9d9', '570122');
INSERT INTO `users` (`id`, `name`, `surname`, `login`, `password_hash`, `phone`) VALUES ('105', 'Tyrel', 'Bahringer', 'bffa', 'f2864b6567e902ec1f42e1cbcf375abc00f2e325', '12');
INSERT INTO `users` (`id`, `name`, `surname`, `login`, `password_hash`, `phone`) VALUES ('106', 'Daija', 'Sporer', 'zmio', '83973002cd13e6576a0f0e38ed36b670ea7e7a4c', '0');
INSERT INTO `users` (`id`, `name`, `surname`, `login`, `password_hash`, `phone`) VALUES ('109', 'Henriette', 'Waters', 'gbbb', '5da12dd6960b310a0261d13c95adfb15905ac563', '38223');
INSERT INTO `users` (`id`, `name`, `surname`, `login`, `password_hash`, `phone`) VALUES ('111', 'Colleen', 'Bins', 'bdbw', '3cd59ad205797814abc57331f23776d8e3e11adb', '484400');
INSERT INTO `users` (`id`, `name`, `surname`, `login`, `password_hash`, `phone`) VALUES ('112', 'Jennie', 'McCullough', 'pxkf', 'cc3b0e2cdcd92ca1157be80ce3d11a0a37bb0430', '259');
INSERT INTO `users` (`id`, `name`, `surname`, `login`, `password_hash`, `phone`) VALUES ('113', 'Aida', 'Gorczany', 'mrzp', '29ec3590a48bb095bf7576aece74ca00cb9465ce', '219436');
INSERT INTO `users` (`id`, `name`, `surname`, `login`, `password_hash`, `phone`) VALUES ('115', 'Ronaldo', 'Johnson', 'bilb', 'f4aa209783ce5b5bea4dd0d65d25ef18aa53cf52', '386');
INSERT INTO `users` (`id`, `name`, `surname`, `login`, `password_hash`, `phone`) VALUES ('116', 'Brittany', 'Schoen', 'yvyc', 'b5f8f9b09dd166f9bc652a4ac11e043b814b30bf', '618');
INSERT INTO `users` (`id`, `name`, `surname`, `login`, `password_hash`, `phone`) VALUES ('118', 'Eldora', 'Jacobson', 'qxok', 'df5a5b724a56f2010b18a56bec6ad37fd3734f38', '29382');
INSERT INTO `users` (`id`, `name`, `surname`, `login`, `password_hash`, `phone`) VALUES ('119', 'Hannah', 'Gibson', 'psmo', '8ef44519c47537d5966c4a8b0b5374871bb5cfb2', '77');
INSERT INTO `users` (`id`, `name`, `surname`, `login`, `password_hash`, `phone`) VALUES ('122', 'Hershel', 'Swaniawski', 'mady', 'c93f940b13e92df16a7667d7aa1f995006969e2e', '9919360645');
INSERT INTO `users` (`id`, `name`, `surname`, `login`, `password_hash`, `phone`) VALUES ('123', 'Brianne', 'Huels', 'wfku', '64a3e7c9317e83f44b84f9ee5fbd845d361b890c', '1177975611');
INSERT INTO `users` (`id`, `name`, `surname`, `login`, `password_hash`, `phone`) VALUES ('124', 'Fredrick', 'Tillman', 'gxzr', '45b81a6e0cfb75738176cb3be408a4fc127e48cd', '8661833955');
INSERT INTO `users` (`id`, `name`, `surname`, `login`, `password_hash`, `phone`) VALUES ('126', 'Casimir', 'Marks', 'dbjs', '178eac3cbf5c764b198c070ab4a0185b15526aed', '596739');
INSERT INTO `users` (`id`, `name`, `surname`, `login`, `password_hash`, `phone`) VALUES ('127', 'Roberta', 'Konopelski', 'rtes', 'aacd199ab44369ca64890d33257769c3573965c4', '59');
INSERT INTO `users` (`id`, `name`, `surname`, `login`, `password_hash`, `phone`) VALUES ('130', 'Donnie', 'VonRueden', 'wjlu', '6b7bb3f8091c8d77c50dfc6024fc2a8a60a66112', '23');
INSERT INTO `users` (`id`, `name`, `surname`, `login`, `password_hash`, `phone`) VALUES ('132', 'Leann', 'Heathcote', 'mhti', '880e0cad14989cfbc6b72408cc7c12950734fced', '70');
INSERT INTO `users` (`id`, `name`, `surname`, `login`, `password_hash`, `phone`) VALUES ('133', 'Alexandre', 'O\'Kon', 'qjou', 'e4534305436b816d8d5782fa5f85a2768255d9fd', '497');
INSERT INTO `users` (`id`, `name`, `surname`, `login`, `password_hash`, `phone`) VALUES ('134', 'Alanis', 'Cummings', 'slmf', '1672caa851b5e64e28b9c6d5c5a4aad94e7e69dd', '956');
INSERT INTO `users` (`id`, `name`, `surname`, `login`, `password_hash`, `phone`) VALUES ('135', 'Tessie', 'Morar', 'smpa', 'ab9fad74af14d13e8856aae8794cc60e7a83c7c7', '3555177582');
INSERT INTO `users` (`id`, `name`, `surname`, `login`, `password_hash`, `phone`) VALUES ('137', 'Thad', 'Trantow', 'fxly', '856f985168816ae14c818532f47cb1a5678abd55', '647569');
INSERT INTO `users` (`id`, `name`, `surname`, `login`, `password_hash`, `phone`) VALUES ('138', 'Ernie', 'Cormier', 'fank', '4aaed31544409aef21d8b5c235446eee7d8c94e0', '5661720074');
INSERT INTO `users` (`id`, `name`, `surname`, `login`, `password_hash`, `phone`) VALUES ('139', 'Krystina', 'Jakubowski', 'hpyj', 'e90ff3e9a783d59759c361f5bb17a9c6fdff605c', '422');
INSERT INTO `users` (`id`, `name`, `surname`, `login`, `password_hash`, `phone`) VALUES ('140', 'Justice', 'Willms', 'oszr', '2027f8fea8399644cb40a27b92bee84e760d03ea', '555');
INSERT INTO `users` (`id`, `name`, `surname`, `login`, `password_hash`, `phone`) VALUES ('141', 'Sven', 'Herman', 'ubmx', '839b316095d97a3f4cd9e01f9df1bb4d0c571e0f', '924695');
INSERT INTO `users` (`id`, `name`, `surname`, `login`, `password_hash`, `phone`) VALUES ('142', 'Jody', 'Volkman', 'tezy', '2f6dacdde9c048ac4cd0a5772b72baa50098a919', '93179');
INSERT INTO `users` (`id`, `name`, `surname`, `login`, `password_hash`, `phone`) VALUES ('143', 'Horacio', 'Bogisich', 'idxd', 'f60bc5babbe41719cd3fcfa95ad4e3b4f379c405', '650');
INSERT INTO `users` (`id`, `name`, `surname`, `login`, `password_hash`, `phone`) VALUES ('144', 'Katlyn', 'Carter', 'bdtu', '911e6d30cf5bb506e8106f12347b4fda8721e3cd', '666757');
INSERT INTO `users` (`id`, `name`, `surname`, `login`, `password_hash`, `phone`) VALUES ('145', 'Rodrigo', 'Pagac', 'qvii', '680543754340d6d30fd3006675fd8eaf5ac6abbc', '63');
INSERT INTO `users` (`id`, `name`, `surname`, `login`, `password_hash`, `phone`) VALUES ('146', 'Stephanie', 'Russel', 'colx', '3c505bb5873fc683a2aefb9411ee87505cc873aa', '7644906410');
INSERT INTO `users` (`id`, `name`, `surname`, `login`, `password_hash`, `phone`) VALUES ('147', 'Pedro', 'Bayer', 'ecpc', 'fd7650ffbc4c14c3ef48b590c2af1d8b22a64b0e', '285');
INSERT INTO `users` (`id`, `name`, `surname`, `login`, `password_hash`, `phone`) VALUES ('148', 'Paolo', 'Boehm', 'jkml', '73a316d182f9e5d9e68a2e393623c6182a98e7c0', '6311653609');
INSERT INTO `users` (`id`, `name`, `surname`, `login`, `password_hash`, `phone`) VALUES ('149', 'Elsa', 'Wintheiser', 'clme', '0e8a7d28259b308e541909ebe4a0c09263674923', '964574');
INSERT INTO `users` (`id`, `name`, `surname`, `login`, `password_hash`, `phone`) VALUES ('150', 'Daren', 'Moore', 'yquo', '5c977de5a6389bb906647ce8841b763311fb943f', '82');
INSERT INTO `users` (`id`, `name`, `surname`, `login`, `password_hash`, `phone`) VALUES ('151', 'Lou', 'Leannon', 'kruu', '02d06248fdb51b84dca75ce3d6c33fd748c6c7dc', '9');
INSERT INTO `users` (`id`, `name`, `surname`, `login`, `password_hash`, `phone`) VALUES ('152', 'Barry', 'Stroman', 'njfs', 'a03c132bcceb751e06cb36bb868d8dcc467c575f', '4344678485');
INSERT INTO `users` (`id`, `name`, `surname`, `login`, `password_hash`, `phone`) VALUES ('153', 'Willie', 'Gulgowski', 'djtz', 'ac956ea1d2145abaa3dee90f817aa3a2b27d8bf7', '8');
INSERT INTO `users` (`id`, `name`, `surname`, `login`, `password_hash`, `phone`) VALUES ('156', 'Marcel', 'Gutmann', 'rztx', '172050c36d45c5f5a6f0d36528c4fe5e1cb066fd', '241');
INSERT INTO `users` (`id`, `name`, `surname`, `login`, `password_hash`, `phone`) VALUES ('158', 'Stephania', 'Fritsch', 'nwxu', '3e1eb84b4160ff343c4176f29ce3da16b775fa58', '39');
INSERT INTO `users` (`id`, `name`, `surname`, `login`, `password_hash`, `phone`) VALUES ('160', 'Donnell', 'Harris', 'elfq', '41a1ac99bf53fcb0465151cee3ca2126d2a78928', '4200452146');
INSERT INTO `users` (`id`, `name`, `surname`, `login`, `password_hash`, `phone`) VALUES ('163', 'Viviane', 'Gorczany', 'mviv', '04555b4496cf471e0e5fffa0b469772f0f5ced67', '922');
INSERT INTO `users` (`id`, `name`, `surname`, `login`, `password_hash`, `phone`) VALUES ('164', 'Shanie', 'Littel', 'ucsu', '0531e16e1a97d43b82e37624da3d5259f6ed3d63', '57');
INSERT INTO `users` (`id`, `name`, `surname`, `login`, `password_hash`, `phone`) VALUES ('166', 'Thaddeus', 'Beahan', 'crte', 'f6881440919a4beff7a29b89d3f9a2103d873d1f', '5638745714');
INSERT INTO `users` (`id`, `name`, `surname`, `login`, `password_hash`, `phone`) VALUES ('168', 'Cory', 'Lowe', 'sypf', 'bf360c79b2f48f05e47e51fc465c8e6ad6f30608', '502');
INSERT INTO `users` (`id`, `name`, `surname`, `login`, `password_hash`, `phone`) VALUES ('169', 'Barton', 'Trantow', 'xiqf', '9961435c74851300d49e4afa6863f733a685dd3b', '311471');
INSERT INTO `users` (`id`, `name`, `surname`, `login`, `password_hash`, `phone`) VALUES ('171', 'Werner', 'Renner', 'pbqc', '97964ea7e5f53836ee866a942700a7829980af41', '44');
INSERT INTO `users` (`id`, `name`, `surname`, `login`, `password_hash`, `phone`) VALUES ('174', 'Reggie', 'Dickens', 'nywl', 'a929c4c25b109a37af2a9437ca861a927ed2bf23', '258');
INSERT INTO `users` (`id`, `name`, `surname`, `login`, `password_hash`, `phone`) VALUES ('175', 'Keyshawn', 'Keebler', 'gssk', '52d562d4199bfe29eaf380a1150d643a223abc32', '466');
INSERT INTO `users` (`id`, `name`, `surname`, `login`, `password_hash`, `phone`) VALUES ('177', 'Morgan', 'Satterfield', 'gqbi', 'c898fd4b3269f7cbeed8d5912dda67535bd715f7', '324');
INSERT INTO `users` (`id`, `name`, `surname`, `login`, `password_hash`, `phone`) VALUES ('178', 'Merle', 'Krajcik', 'mfhn', '6fe1e668955115d7865ae3a120aca6cea79da8e9', '19');
INSERT INTO `users` (`id`, `name`, `surname`, `login`, `password_hash`, `phone`) VALUES ('179', 'Antonietta', 'Pfeffer', 'gzhk', 'b3744f5559e9d0c07b89fa773431f4288de44134', '706131');
INSERT INTO `users` (`id`, `name`, `surname`, `login`, `password_hash`, `phone`) VALUES ('181', 'Leonor', 'Denesik', 'nkml', 'c342cc1a93ffe0512ab936d2e8ed2c3e47c488fb', '64');
INSERT INTO `users` (`id`, `name`, `surname`, `login`, `password_hash`, `phone`) VALUES ('182', 'Libby', 'Mills', 'xhnp', 'f319da0ff7a4c798c876f3009fa50450036df325', '99616');
INSERT INTO `users` (`id`, `name`, `surname`, `login`, `password_hash`, `phone`) VALUES ('184', 'Shanon', 'Emard', 'reij', '2533bcbdf9844bcca1618e436a00271576851bc1', '17');
INSERT INTO `users` (`id`, `name`, `surname`, `login`, `password_hash`, `phone`) VALUES ('185', 'Mia', 'Quigley', 'lbng', '7d25b4a0e38c562de9899abe4ee096a072e07d78', '531017');
INSERT INTO `users` (`id`, `name`, `surname`, `login`, `password_hash`, `phone`) VALUES ('186', 'Michele', 'Mante', 'nqzq', 'f113cbebf069727d0852cb907f6929e0bd2edc8c', '8252762362');
INSERT INTO `users` (`id`, `name`, `surname`, `login`, `password_hash`, `phone`) VALUES ('188', 'Bret', 'Hayes', 'eodg', '03787d55b281e78a89ae6f59567766b5e241a797', '131');
INSERT INTO `users` (`id`, `name`, `surname`, `login`, `password_hash`, `phone`) VALUES ('189', 'Travon', 'Ritchie', 'dxhk', '9f38e280d8c2940a5946064726f0709f9742c02c', '290');
INSERT INTO `users` (`id`, `name`, `surname`, `login`, `password_hash`, `phone`) VALUES ('190', 'Maya', 'Thompson', 'oeka', 'fc51ee12343c7bdb8294cf03baa9d51c6efd065c', '7633218402');
INSERT INTO `users` (`id`, `name`, `surname`, `login`, `password_hash`, `phone`) VALUES ('191', 'Waino', 'Senger', 'zafu', 'a739d2a9fc98dc16a932f586cff21a9c83286963', '799');
INSERT INTO `users` (`id`, `name`, `surname`, `login`, `password_hash`, `phone`) VALUES ('192', 'Seth', 'Bins', 'vdvl', '6c1509c299bf17f73980468b24e8794590320184', '95117');
INSERT INTO `users` (`id`, `name`, `surname`, `login`, `password_hash`, `phone`) VALUES ('194', 'Myriam', 'Botsford', 'woux', 'a4ef17c3afc48040857070c2bece29ac9532e4fa', '200631');
INSERT INTO `users` (`id`, `name`, `surname`, `login`, `password_hash`, `phone`) VALUES ('195', 'Gerardo', 'Kohler', 'jbyb', '75a1d987d7eaf4b69c94803e48dd670d9c291ef6', '527');
INSERT INTO `users` (`id`, `name`, `surname`, `login`, `password_hash`, `phone`) VALUES ('198', 'Keon', 'Von', 'htsi', '18c4a2601cee5016429aa190320b6aa1b691b3bb', '7963383384');
INSERT INTO `users` (`id`, `name`, `surname`, `login`, `password_hash`, `phone`) VALUES ('199', 'Lori', 'Sipes', 'zdxi', '2a60b5ceec8b278dd2428b16d5df97177cc1d7a8', '7686376410');
INSERT INTO `users` (`id`, `name`, `surname`, `login`, `password_hash`, `phone`) VALUES ('200', 'Berenice', 'Streich', 'ezrl', '835031761b3b9dc0e8da91d9583269892572c26b', '311474');


